,0
0,gf.txt
1,gf.txt - aso accounting
2,g3.txt - disability
3,gu.txt
4,g2.txt
5,ue.txt
6,uf.txt
7,uh.txt
8,uu.txt
9,uv.txt
10,uw.txt
11,uy.txt
12,wj.txt
13,uk.txt
14,ul.txt
15,un.txt
16,uq.txt
17,lc.txt
18,ny.txt
19,np.txt
20,uo.txt
21,up.txt
22,nb.txt
23,nc.txt
24,ne.txt
25,nf.txt
26,ni.txt
27,r2.txt
28,jt.txt
29,g9.txt
30,bx.txt
31,ji.txt
32,t5.txt
33,t6.txt
34,ti.txt
35,nmnb.txt
36,nmnf.txt
37,nj.txt
38,nlnj.txt
39,ng.txt
40,wq.txt
41,wr1u.txt
42,wr2u.txt
43,wv.txt
44,jo.txt
45,ta.txt
46,yx.txt
47,vj.txt
48,yl.txt
49,at.txt
50,bf.txt
51,if.txt
52,l2.txt
53,lu.txt
54,m1.txt
55,m3.txt
56,py.txt
57,pz.txt
58,sj.txt
59,ey.txt
60,ez.txt
61,ss.txt
62,l3.txt
63,f3.txt
64,cf.txt
65,ml.txt
66,lf.txt
67,ju.txt
68,ad.txt
69,md.txt
70,fp.txt
71,ak.txt
72,er.txt
73,eg.txt
74,dv.txt
75,mv.txt
76,n1.txt
77,ve.txt
78,vh.txt
79,vf.txt
80,vu.txt
81,mm.txt
82,ba.txt
83,wx.txt
84,dk.txt
85,dcdu1
86,dcdu2
87,dcdu3
88,dcdu4
89,dcdu5
90,dcdu6
91,dcdu7
92,dcdu8
93,dcg3
94,dcgf
95,ipcgx001.dat
96,fdpph001.dat
97,ingcc001.dat
98,cmsgx001.dat
99,tbd (slocpi pam to aah)
100,acpgx001.dat
101,glsgx001.dat
102,hrgx0001.dat
103,febgx001.dat
104,ipcgx002.dat
105,gfiph0001.dat
106,inggp001.dat
107,gfcmsgx001.dat
108,gfacpgx001.dat
109,tbd (slgfi pam to aah)
110,acpgx002.dat
111,inghk002.dat
112,clshk002.dat
113,pfpmh002.dat
114,papmc002.dat
115,phpmu002.dat
116,tbd (pension to aah)
117,tbd (group to aah)
118,ingio001.dat
119,acpgx003.dat
120,pamio002.dat
121,pfmio002.dat
122,tbd (snaps to aah)
123,acpgx005.dat
124,ingpv001.dat
125,tbd (vn pam to aah)
126,tpsmf001.dat
127,psmpn001.dat
128,pamcs002.dat
129,pfmcs002.dat
130,mrsmf001.dat
131,tbd (sun bu (mje) to ah)
